--
-- PostgreSQL database dump
--

-- Dumped from database version 16.4 (Debian 16.4-1.pgdg120+2)
-- Dumped by pg_dump version 17.5 (Debian 17.5-1.pgdg120+1)

SET statement_timeout = 0;
SET lock_timeout = 0;
SET idle_in_transaction_session_timeout = 0;
SET transaction_timeout = 0;
SET client_encoding = 'UTF8';
SET standard_conforming_strings = on;
SELECT pg_catalog.set_config('search_path', '', false);
SET check_function_bodies = false;
SET xmloption = content;
SET client_min_messages = warning;
SET row_security = off;

SET default_tablespace = '';

SET default_table_access_method = heap;

--
-- Name: customer; Type: TABLE; Schema: public; Owner: postgres
--

CREATE TABLE public.customer (
    id bigint NOT NULL,
    first_name character varying(50) NOT NULL,
    last_name character varying(50) NOT NULL,
    email character varying(320)
);


ALTER TABLE public.customer OWNER TO postgres;

--
-- Name: customer_id_seq; Type: SEQUENCE; Schema: public; Owner: postgres
--

ALTER TABLE public.customer ALTER COLUMN id ADD GENERATED BY DEFAULT AS IDENTITY (
    SEQUENCE NAME public.customer_id_seq
    START WITH 1
    INCREMENT BY 1
    NO MINVALUE
    NO MAXVALUE
    CACHE 1
);


--
-- Name: customer_order; Type: TABLE; Schema: public; Owner: postgres
--

CREATE TABLE public.customer_order (
    id bigint NOT NULL,
    customer_id bigint NOT NULL
);


ALTER TABLE public.customer_order OWNER TO postgres;

--
-- Name: customer_order_id_seq; Type: SEQUENCE; Schema: public; Owner: postgres
--

ALTER TABLE public.customer_order ALTER COLUMN id ADD GENERATED BY DEFAULT AS IDENTITY (
    SEQUENCE NAME public.customer_order_id_seq
    START WITH 1
    INCREMENT BY 1
    NO MINVALUE
    NO MAXVALUE
    CACHE 1
);


--
-- Name: merchant; Type: TABLE; Schema: public; Owner: postgres
--

CREATE TABLE public.merchant (
    id bigint NOT NULL,
    name character varying(250) NOT NULL
);


ALTER TABLE public.merchant OWNER TO postgres;

--
-- Name: merchant_id_seq; Type: SEQUENCE; Schema: public; Owner: postgres
--

ALTER TABLE public.merchant ALTER COLUMN id ADD GENERATED BY DEFAULT AS IDENTITY (
    SEQUENCE NAME public.merchant_id_seq
    START WITH 1
    INCREMENT BY 1
    NO MINVALUE
    NO MAXVALUE
    CACHE 1
);


--
-- Name: product; Type: TABLE; Schema: public; Owner: postgres
--

CREATE TABLE public.product (
    id bigint NOT NULL,
    merchant_id bigint NOT NULL,
    price bigint NOT NULL,
    amount integer NOT NULL,
    name character varying(250) NOT NULL
);


ALTER TABLE public.product OWNER TO postgres;

--
-- Name: product_id_seq; Type: SEQUENCE; Schema: public; Owner: postgres
--

ALTER TABLE public.product ALTER COLUMN id ADD GENERATED BY DEFAULT AS IDENTITY (
    SEQUENCE NAME public.product_id_seq
    START WITH 1
    INCREMENT BY 1
    NO MINVALUE
    NO MAXVALUE
    CACHE 1
);


--
-- Name: product_order; Type: TABLE; Schema: public; Owner: postgres
--

CREATE TABLE public.product_order (
    id bigint NOT NULL,
    order_id bigint NOT NULL,
    product_id bigint NOT NULL,
    amount integer NOT NULL
);


ALTER TABLE public.product_order OWNER TO postgres;

--
-- Name: product_order_id_seq; Type: SEQUENCE; Schema: public; Owner: postgres
--

ALTER TABLE public.product_order ALTER COLUMN id ADD GENERATED BY DEFAULT AS IDENTITY (
    SEQUENCE NAME public.product_order_id_seq
    START WITH 1
    INCREMENT BY 1
    NO MINVALUE
    NO MAXVALUE
    CACHE 1
);


--
-- Data for Name: customer; Type: TABLE DATA; Schema: public; Owner: postgres
--

COPY public.customer (id, first_name, last_name, email) FROM stdin;
1	bar	reason	victoria03@example.org
2	also	sit	flambert@example.net
3	still	woman	\N
4	rich	real	\N
5	financial	know	\N
6	cultural	least	\N
7	condition	partner	edwin74@example.org
8	race	raise	\N
9	sometimes	certain	\N
10	significant	compare	\N
11	court	if	dwilson@example.net
12	such	citizen	\N
13	need	thank	\N
14	today	human	\N
15	fire	soon	bmcgee@example.org
16	truth	type	\N
17	last	newspaper	\N
18	itself	upon	\N
19	where	around	\N
20	share	happy	\N
21	structure	Mr	michaelcortez@example.net
22	stop	pattern	\N
23	three	not	\N
24	compare	figure	\N
25	challenge	exist	patriciablack@example.com
26	business	marriage	\N
27	gas	edge	\N
28	understand	year	\N
29	bad	should	\N
30	mention	theory	fisheramy@example.org
31	analysis	Congress	\N
32	everyone	central	\N
33	you	recognize	\N
34	just	make	\N
35	prove	dream	joncervantes@example.net
36	tax	even	mark06@example.net
37	open	best	jordanhernandez@example.com
38	generation	agree	\N
39	ok	not	dcook@example.org
40	establish	thus	hendersondeborah@example.org
41	own	security	\N
42	wide	rate	\N
43	news	drop	sara98@example.net
44	seat	simple	\N
45	woman	sister	\N
46	election	security	\N
47	forward	describe	mjames@example.net
48	fine	answer	\N
49	their	those	bking@example.org
50	among	public	shunter@example.com
51	green	piece	jacqueline35@example.net
52	risk	run	\N
53	man	group	\N
54	anything	small	bburke@example.net
55	fear	management	\N
56	ball	everything	bryan21@example.org
57	beyond	factor	wigginsricardo@example.net
58	four	writer	mkelly@example.com
59	various	stage	cmoore@example.net
60	million	yet	\N
61	one	close	\N
62	whether	friend	mitchell88@example.net
63	total	social	millsfred@example.com
64	discover	in	\N
65	program	hand	\N
66	system	deep	markmartin@example.net
67	movement	fall	\N
68	car	small	kathryn78@example.com
69	imagine	person	\N
70	meeting	book	\N
71	address	property	\N
72	value	even	\N
73	position	reveal	\N
74	capital	process	gmorrison@example.org
75	game	argue	\N
76	soldier	begin	fhunter@example.org
77	accept	investment	\N
78	spend	few	\N
79	current	car	cohenjoseph@example.com
80	purpose	fight	michaelhoward@example.net
81	car	recognize	\N
82	Mr	south	richardjones@example.org
83	debate	history	beverly33@example.org
84	task	seek	ybarnes@example.org
85	yourself	them	\N
86	company	seem	\N
87	especially	here	\N
88	position	system	jennifer00@example.org
89	end	strategy	\N
90	poor	suggest	\N
91	eat	soon	pamelasmith@example.org
92	economic	well	michael96@example.org
93	democratic	federal	lawsonlaura@example.com
94	positive	try	allisonmyers@example.net
95	go	sure	\N
96	outside	of	\N
97	agency	phone	joseph98@example.net
98	energy	technology	craig22@example.net
99	special	must	darrenjones@example.org
100	heavy	save	\N
101	success	point	masonlindsey@example.org
102	perhaps	rise	\N
103	already	marriage	\N
104	investment	their	cynthiaallen@example.net
105	dream	goal	\N
106	student	statement	emilybailey@example.org
107	stage	window	\N
108	with	wife	jenniferthompson@example.org
109	old	him	opearson@example.org
110	network	fill	\N
111	development	surface	sean48@example.org
112	above	major	jose88@example.net
113	west	sell	vwashington@example.net
114	will	world	isabellacampbell@example.org
115	rich	newspaper	\N
116	fall	into	\N
117	large	issue	\N
118	gas	pay	\N
119	picture	look	\N
120	office	property	olivia82@example.org
121	personal	its	hobbsallison@example.org
122	order	since	\N
123	game	two	\N
124	may	figure	kcarlson@example.net
125	energy	animal	davisjanet@example.net
126	agree	win	\N
127	left	require	warrentheresa@example.net
128	season	step	michael17@example.org
\.


--
-- Data for Name: customer_order; Type: TABLE DATA; Schema: public; Owner: postgres
--

COPY public.customer_order (id, customer_id) FROM stdin;
1	1
2	2
3	3
4	3
5	1
6	1
7	6
8	6
9	1
10	5
11	11
12	12
13	1
14	5
15	11
16	11
17	11
18	15
19	6
20	6
21	17
22	12
23	12
24	23
25	10
26	16
27	23
28	4
29	26
30	29
31	23
32	23
33	24
34	11
35	8
36	32
37	23
38	32
39	30
40	12
41	22
42	29
43	32
44	24
45	3
46	3
47	1
48	9
49	12
50	32
51	2
52	35
53	2
54	19
55	10
56	9
57	12
58	8
59	8
60	18
61	3
62	18
63	19
64	38
65	12
66	1
67	38
68	11
69	13
70	7
71	21
72	2
73	31
74	10
75	27
76	29
77	6
78	34
79	20
80	19
81	43
82	34
83	27
84	45
85	15
86	40
87	17
88	33
89	7
90	43
91	22
92	24
93	45
94	13
95	8
96	39
97	44
98	22
99	5
100	16
101	31
102	16
103	49
104	57
105	22
106	30
107	23
108	25
109	30
110	52
111	47
112	48
113	59
114	29
115	21
116	13
117	6
118	53
119	48
120	39
121	16
122	48
123	6
124	26
125	15
126	54
127	19
128	36
129	1
130	36
131	41
132	60
133	51
134	51
135	34
136	8
137	29
138	34
139	4
140	50
141	47
142	33
143	9
144	53
145	19
146	17
147	52
148	23
149	63
150	82
151	76
152	8
153	68
154	29
155	6
156	58
157	55
158	55
159	84
160	11
161	66
162	77
163	60
164	56
165	23
166	78
167	7
168	20
169	78
170	36
171	71
172	47
173	18
174	54
175	43
176	15
177	83
178	66
179	43
180	24
181	67
182	47
183	40
184	27
185	34
186	78
187	81
188	83
189	52
190	20
191	16
192	18
193	44
194	23
195	102
196	72
197	32
198	94
199	12
200	32
201	59
202	65
203	56
204	55
205	47
206	63
207	56
208	69
209	70
210	23
211	9
212	82
213	7
214	3
215	78
216	87
217	46
218	37
219	5
220	70
221	38
222	86
223	73
224	54
225	103
226	72
227	61
228	12
229	61
230	18
231	69
232	66
233	70
234	81
235	6
236	111
237	27
238	8
239	58
240	57
241	14
242	19
243	85
244	115
245	25
246	4
247	16
248	105
249	66
250	67
251	47
252	29
253	83
254	98
255	100
256	29
257	109
258	60
259	29
260	1
261	103
262	115
263	45
264	60
265	17
266	38
267	1
268	38
269	93
270	83
271	51
272	69
273	52
274	30
275	30
276	117
277	83
278	65
279	87
280	95
281	6
282	50
283	89
284	58
285	71
286	63
287	55
288	70
289	121
290	111
291	102
292	5
293	77
294	120
295	102
296	75
297	42
298	59
299	12
300	79
301	72
302	76
303	7
304	86
305	69
306	86
307	13
308	57
309	51
310	56
311	113
312	90
313	27
314	79
315	95
316	19
317	9
318	127
319	17
320	44
321	12
322	127
323	105
324	26
325	117
326	25
327	65
328	27
329	57
330	123
331	104
332	118
\.


--
-- Data for Name: merchant; Type: TABLE DATA; Schema: public; Owner: postgres
--

COPY public.merchant (id, name) FROM stdin;
1	time
2	action
3	table
4	the
5	play
6	reflect
7	surface
8	two
9	room
10	fund
11	here
12	city
13	inside
14	draw
15	ability
16	guy
17	air
18	road
19	event
20	computer
21	social
22	appear
23	nor
24	bit
25	them
26	you
27	return
28	remember
29	pick
30	traditional
31	wall
32	instead
33	organization
34	third
35	PM
36	message
37	want
38	add
39	firm
40	democratic
41	question
42	religious
43	to
44	least
45	all
46	now
47	total
48	different
49	idea
50	chair
51	miss
52	arrive
53	inside
54	later
55	important
56	white
57	listen
58	decide
59	fast
60	middle
61	whatever
62	next
63	sometimes
64	recognize
65	relationship
66	analysis
67	front
68	lay
69	claim
70	meet
71	a
72	campaign
73	wonder
74	yet
75	life
76	out
77	chance
78	upon
79	glass
80	event
81	hit
82	window
83	significant
84	set
85	data
86	specific
87	group
88	purpose
89	popular
90	what
91	north
92	yes
93	popular
94	event
95	PM
96	effort
97	meeting
98	able
99	decision
100	house
101	follow
102	nor
103	difficult
104	sing
105	knowledge
106	feeling
107	situation
108	stop
109	trip
110	program
111	rate
112	now
113	true
114	throughout
115	hit
116	strong
117	cover
118	four
119	statement
120	vote
121	quickly
122	area
123	state
124	capital
125	which
126	player
127	black
128	try
129	garden
130	operation
\.


--
-- Data for Name: product; Type: TABLE DATA; Schema: public; Owner: postgres
--

COPY public.product (id, merchant_id, price, amount, name) FROM stdin;
1	1	90031	71293	deep
2	1	2720	53302	same
3	2	6607	44035	site
120	27	92442	80387	conference
121	79	58946	84389	yes
122	66	63979	2457	close
4	3	57435	31537	change
5	2	67048	47483	coach
6	1	1329	7614	black
7	6	76205	3580	cost
8	4	12558	79619	why
9	5	52775	28342	upon
10	1	1981	33027	capital
11	3	59586	80633	rise
12	6	69294	59582	certain
13	7	73567	46320	save
14	12	39800	53815	read
16	1	61971	1296	answer
17	13	88685	55619	picture
18	16	7818	19822	out
19	5	8038	9856	health
20	9	24972	38659	good
21	3	53382	74684	sense
22	2	23595	40508	theory
23	21	7788	19121	system
24	14	9938	72526	performance
25	12	61941	69210	drop
26	7	99282	71981	continue
27	5	63745	67001	include
28	9	73217	22497	type
29	11	38220	38255	begin
30	5	535	43272	audience
31	18	85604	9142	never
32	31	61158	32180	drive
33	10	31275	48111	activity
34	29	12414	72066	as
35	23	10335	65889	former
36	36	66535	71277	its
37	18	88201	25319	quickly
38	17	86919	41510	foot
39	26	99448	29091	piece
40	6	91171	89183	away
41	16	82000	72441	leg
42	41	76162	46094	address
43	7	50010	19432	order
44	30	22839	7594	idea
45	8	81255	37388	admit
46	34	70921	76575	want
47	37	16319	51965	place
48	33	94191	49976	market
49	5	29658	95408	degree
50	7	13227	18589	partner
51	10	23652	57172	study
52	9	77969	72738	type
53	43	80123	88368	campaign
54	17	9403	97105	himself
55	26	26513	22444	especially
56	20	60949	18343	clearly
57	13	61667	67863	yes
58	43	62317	77240	star
59	31	20223	62570	lead
60	26	45398	11973	player
61	6	28494	21815	list
62	40	77069	357	learn
63	40	37383	61358	full
64	43	2998	1304	think
65	51	28859	65984	phone
66	37	26085	5941	herself
67	30	75228	91878	image
68	48	20692	90305	clear
69	18	51377	95154	movie
70	38	15535	17297	shake
71	52	16043	38775	life
72	2	38354	14925	choose
73	10	78029	49484	ability
74	24	50968	40991	toward
75	17	14539	70165	describe
76	50	12960	75448	child
77	31	55239	52524	name
78	47	91208	28463	recognize
79	56	47578	23853	heart
80	34	64486	29793	buy
81	2	27617	60747	in
82	24	47194	66639	thus
83	6	52133	68880	why
84	25	62293	56784	serve
85	6	79904	4208	challenge
86	82	90119	99678	election
88	76	92155	19638	position
89	37	73714	48731	fish
90	17	49909	69756	head
91	61	32628	61035	growth
92	61	68987	7232	describe
93	9	46756	81994	Mrs
94	9	13411	52049	election
95	75	25389	94516	drop
96	57	23898	36346	career
97	34	23597	97656	store
98	80	62221	49829	response
99	66	46003	77083	compare
100	25	97198	21337	any
101	42	22929	30627	under
102	50	2994	53560	future
103	57	31682	84159	friend
104	66	7408	62427	simple
105	12	37965	64130	response
106	71	63296	62111	adult
107	10	27213	76496	area
108	11	29268	2974	form
109	10	81243	68695	suffer
110	4	8752	1876	huge
111	33	71302	31959	life
112	39	12136	93706	employee
113	41	18881	63308	source
114	97	7347	94432	someone
115	106	8090	74062	subject
116	4	73850	77062	what
117	52	4671	22807	upon
118	83	80708	69863	dinner
119	49	94731	55752	final
15	1	77185	94224	stage
123	92	57962	70735	local
124	59	71284	36346	leave
125	112	42578	57563	security
126	79	36734	43155	material
127	126	2514	77969	person
128	2	93603	78861	company
129	54	2998	69800	visit
87	4	41301	94224	air
\.


--
-- Data for Name: product_order; Type: TABLE DATA; Schema: public; Owner: postgres
--

COPY public.product_order (id, order_id, product_id, amount) FROM stdin;
1	1	1	501
3	2	3	426
4	1	3	373
5	5	2	671
6	3	3	750
7	2	2	532
8	7	1	289
9	3	4	520
10	10	4	36
11	2	5	416
12	4	2	665
13	5	7	13
14	14	9	258
15	5	15	678
16	2	16	783
17	5	17	107
18	15	15	775
19	19	19	248
21	10	5	129
22	11	20	924
23	15	8	752
24	19	16	832
25	9	10	311
26	7	17	120
27	1	25	45
28	10	28	694
29	23	18	787
30	27	12	249
31	16	7	435
32	4	3	46
33	16	8	952
34	27	14	674
35	22	9	24
36	4	5	95
37	8	5	943
38	22	24	32
39	17	13	201
40	29	9	992
41	18	15	550
42	14	12	165
43	23	27	56
44	15	18	174
45	23	24	48
46	33	5	797
47	21	24	838
48	23	11	439
50	17	11	235
51	15	16	314
52	27	4	605
53	13	13	331
54	6	7	621
55	20	33	85
56	29	5	663
57	4	11	117
58	11	37	774
59	39	19	782
60	46	21	690
61	35	22	907
62	55	3	856
63	36	28	816
64	21	29	904
65	37	10	384
66	54	12	704
67	40	25	138
68	34	28	296
69	5	13	945
70	44	26	261
71	54	30	930
72	41	32	856
73	7	13	491
74	8	4	927
75	26	27	768
76	38	26	100
77	5	12	167
79	1	2	798
80	8	2	747
81	44	1	786
82	6	32	151
83	25	5	981
84	49	13	940
85	58	8	349
86	7	5	36
87	5	28	89
88	25	28	343
89	58	19	338
90	71	8	818
91	20	28	268
92	64	7	959
93	72	30	259
94	49	38	63
95	19	28	750
96	72	20	206
97	30	41	579
98	56	2	335
99	15	31	698
100	24	45	380
101	55	34	412
102	67	12	98
103	60	22	188
104	1	42	209
105	62	3	345
106	69	51	636
107	59	38	26
108	8	34	488
109	62	34	667
110	45	20	465
111	60	36	159
112	35	20	359
113	59	33	692
114	84	48	294
115	42	24	447
116	18	53	287
117	88	28	79
118	26	10	36
119	17	49	119
120	12	31	335
121	21	44	380
122	14	31	185
123	45	10	661
124	57	42	606
125	18	27	153
126	67	5	924
127	76	23	615
128	8	7	787
129	45	42	68
131	48	49	191
132	75	4	75
133	47	14	75
134	69	47	909
135	49	1	554
136	45	40	974
137	29	6	905
138	91	7	942
139	6	25	283
140	9	32	700
141	82	25	125
142	35	1	232
143	86	47	619
144	92	49	412
145	24	27	37
146	3	27	662
147	26	2	663
148	38	7	54
149	98	17	377
150	77	36	786
151	61	21	616
152	7	59	274
153	42	16	641
154	54	55	705
155	87	21	873
156	80	51	707
157	73	28	155
158	43	27	505
159	25	34	844
160	84	56	587
161	29	55	345
162	38	51	996
163	76	38	62
164	72	18	414
165	1	44	686
166	66	18	532
167	143	49	287
168	123	5	518
169	68	68	378
170	135	4	604
171	152	11	169
172	138	76	774
173	89	72	755
174	99	45	559
175	85	20	563
176	125	55	659
177	55	9	590
178	16	2	438
179	9	44	174
180	85	15	487
181	68	70	364
182	5	29	441
183	6	5	385
184	57	13	30
185	33	27	880
186	33	48	867
187	37	73	703
188	13	40	474
189	77	24	539
190	52	54	803
191	35	64	176
192	84	67	145
193	123	72	694
194	46	48	576
196	32	69	247
197	92	14	533
198	155	29	549
199	141	78	557
200	136	32	30
201	72	7	684
202	107	16	468
203	79	43	865
204	142	13	742
205	91	2	287
206	88	29	446
207	58	68	623
208	181	14	467
209	79	37	639
210	124	14	184
211	11	81	397
212	3	56	331
213	15	96	774
214	174	59	814
215	76	100	460
216	27	56	969
217	48	60	307
218	126	70	460
219	129	33	98
220	148	22	495
221	80	27	218
222	130	32	307
223	156	6	133
224	172	69	358
225	146	88	882
226	68	88	975
227	46	46	822
228	188	36	126
229	75	101	64
230	65	69	981
231	146	53	664
233	147	99	882
234	39	45	56
235	153	52	16
236	46	19	236
237	148	32	259
238	171	29	802
239	185	40	851
240	22	89	995
241	95	64	836
242	106	63	472
243	80	88	397
244	21	39	965
245	42	98	305
246	115	55	511
247	1	40	432
248	44	48	984
249	126	53	633
250	70	57	832
251	69	48	266
252	168	6	583
253	77	94	640
254	125	100	545
255	33	57	119
256	54	27	263
257	40	83	434
258	173	5	244
259	48	28	161
260	42	85	818
261	123	36	599
262	43	50	155
263	163	92	945
264	86	76	962
265	80	37	614
266	49	12	575
267	7	32	464
268	148	48	309
269	103	8	784
270	193	36	867
271	191	1	730
272	104	105	824
273	61	98	923
274	10	41	112
275	89	95	170
276	78	83	432
277	36	40	323
278	144	55	980
279	109	94	917
280	145	96	765
281	113	104	433
282	33	58	188
283	110	41	483
284	44	89	188
285	15	4	919
286	53	19	578
287	2	103	803
288	109	2	684
289	193	79	512
290	7	66	839
291	97	57	80
292	86	16	107
293	119	74	77
294	180	74	877
295	70	23	118
296	18	18	972
297	113	65	129
298	134	60	809
299	163	76	901
300	141	31	474
301	177	88	535
302	187	54	169
303	143	79	630
304	53	32	194
305	177	53	307
306	177	37	799
307	140	32	470
308	53	33	98
309	73	2	567
310	61	81	391
311	122	3	881
312	168	12	500
313	21	79	892
314	37	105	74
315	73	94	880
316	183	26	3
317	104	13	637
319	101	41	687
320	96	96	798
321	63	55	923
322	17	82	69
323	182	43	441
324	135	67	930
325	25	4	687
326	164	71	132
327	124	48	983
328	76	21	228
329	54	67	326
330	109	54	587
331	33	102	241
332	104	43	330
333	98	6	42
335	149	72	473
336	92	43	695
337	189	104	490
338	128	75	219
339	6	73	619
340	147	46	281
341	63	52	149
342	56	48	308
343	122	7	851
344	81	11	247
345	1	71	943
347	137	25	221
348	150	81	762
349	45	36	920
350	167	77	935
351	141	45	30
352	7	2	759
353	2	100	691
354	172	1	839
355	107	86	808
356	144	80	127
357	171	101	89
358	91	62	705
360	71	13	344
361	5	94	715
362	65	42	399
363	94	68	722
364	151	89	322
365	141	63	412
366	171	97	701
367	97	100	884
368	40	7	458
369	145	50	628
370	48	47	363
371	170	82	346
373	181	93	303
374	152	18	190
375	139	85	312
376	122	95	371
377	180	87	942
378	149	59	790
379	181	64	450
380	87	33	277
381	63	88	174
382	122	64	756
383	84	9	358
384	139	74	698
385	129	93	640
386	25	99	860
387	117	19	821
388	121	44	923
389	179	37	722
390	42	54	395
391	156	51	784
392	25	13	178
393	181	23	281
394	46	32	515
395	86	60	63
396	88	101	875
397	140	91	264
398	27	51	47
399	149	83	274
400	71	4	535
401	164	1	53
402	30	59	170
403	173	77	216
404	183	23	203
405	34	98	575
406	165	50	891
407	117	39	813
408	62	49	303
409	76	15	257
410	31	59	857
411	127	51	13
412	193	35	876
414	126	41	880
415	6	28	447
416	100	69	404
417	179	12	295
418	143	25	704
419	6	36	927
420	93	42	911
421	109	34	746
422	182	38	398
423	164	48	539
424	20	16	993
425	161	99	993
426	74	91	765
427	172	78	270
428	115	3	631
429	180	78	831
430	40	42	529
431	115	19	555
432	144	76	543
433	136	34	217
434	189	15	435
435	92	54	424
436	44	45	638
437	99	59	579
438	66	5	719
439	142	61	478
440	165	12	47
441	192	33	567
442	59	25	213
443	18	31	842
444	17	21	470
445	28	75	324
446	40	26	600
447	16	42	615
448	193	43	417
449	37	28	214
450	14	84	638
451	74	62	941
452	66	44	163
453	168	29	180
454	5	78	679
455	174	47	946
456	33	34	514
457	60	90	996
458	74	90	689
459	115	93	95
460	117	74	376
461	147	70	761
462	189	69	458
463	186	44	50
464	187	36	622
465	113	9	822
466	11	29	724
467	182	70	434
468	42	13	683
469	105	45	175
470	55	82	467
471	177	68	796
472	92	52	62
473	161	5	491
474	36	68	934
475	62	7	159
476	23	89	24
477	130	81	268
478	30	103	723
479	143	84	461
480	77	104	709
481	93	2	663
482	165	74	253
483	55	67	506
484	175	34	249
485	163	100	605
486	134	35	194
487	81	57	328
488	132	52	183
489	83	90	917
490	94	30	308
491	85	36	917
492	79	23	471
493	5	103	659
494	188	34	803
495	4	93	537
496	31	47	104
497	20	74	154
498	171	10	838
499	82	16	493
500	158	53	34
501	130	33	686
502	141	47	991
503	90	58	903
504	29	94	997
506	15	97	45
507	45	57	814
508	175	91	24
509	76	88	867
510	189	13	863
511	118	51	195
512	71	63	859
513	11	1	243
514	51	64	285
515	83	61	845
516	148	6	94
517	191	45	540
518	176	68	622
519	54	40	138
520	148	76	862
521	66	76	518
522	47	69	100
523	93	16	89
524	90	59	26
525	32	95	530
526	157	2	598
527	101	99	274
528	23	102	877
529	14	40	592
530	166	4	648
531	133	19	819
532	36	102	558
533	21	1	898
534	172	33	206
535	26	39	789
536	6	17	95
537	16	36	494
538	124	83	988
539	96	63	541
540	138	48	564
541	107	104	520
542	96	45	415
543	92	20	172
544	52	79	547
545	154	71	359
546	12	79	721
547	41	9	696
548	166	61	976
549	115	12	703
550	64	3	801
551	170	8	108
552	69	53	52
553	42	74	771
554	165	84	523
555	19	63	483
556	137	73	446
557	107	17	441
558	19	98	649
559	27	40	919
560	83	88	879
561	59	14	989
562	134	14	300
563	47	32	630
564	146	50	852
565	147	41	721
566	69	92	198
567	79	100	332
568	87	85	103
569	126	36	687
570	78	65	272
571	49	39	116
572	127	43	204
573	89	89	893
574	124	41	391
575	43	37	424
576	87	84	408
577	95	14	917
578	47	3	465
579	102	64	750
580	21	61	74
581	189	80	399
582	117	65	848
583	46	89	227
584	87	72	437
585	41	67	136
586	147	19	386
587	100	23	414
588	65	44	577
589	169	39	656
590	89	24	799
591	186	5	209
592	48	105	350
593	185	15	887
594	192	50	805
595	145	95	434
596	93	75	151
597	86	8	220
599	160	62	43
600	182	54	952
601	178	101	435
602	182	74	399
603	89	69	805
604	148	78	338
605	44	13	314
606	122	86	120
607	170	24	892
608	123	45	464
609	41	61	735
610	16	14	28
611	41	40	452
612	10	24	830
613	114	7	444
614	116	6	188
615	125	89	955
616	78	11	674
617	72	84	669
618	81	68	157
619	51	3	775
620	148	95	852
621	61	72	113
623	143	93	601
624	124	16	462
625	86	49	522
626	80	66	287
627	76	36	521
628	16	68	537
629	90	27	816
630	168	94	585
631	106	14	949
632	128	53	340
633	215	52	181
634	32	93	750
635	182	47	196
636	79	50	883
637	57	111	136
638	165	86	263
639	157	108	118
640	14	6	280
641	218	92	1
642	66	123	709
643	185	89	817
644	115	48	632
645	257	52	667
646	17	38	670
647	24	29	868
648	17	72	156
649	231	14	578
650	267	81	228
651	283	87	937
652	177	86	813
653	182	48	170
654	68	107	500
655	78	87	643
656	208	57	10
657	83	80	604
658	129	47	324
659	5	112	271
660	21	80	733
661	208	23	210
662	237	125	217
663	79	25	161
664	182	13	899
665	64	88	586
666	124	62	808
667	30	94	291
668	62	11	691
669	20	66	60
670	26	69	277
671	128	5	155
672	234	69	176
673	143	102	291
674	162	52	414
675	129	90	764
676	78	48	329
677	96	106	443
678	60	34	789
679	53	116	424
680	215	108	817
681	203	69	79
682	110	32	854
683	119	1	842
684	58	17	644
685	226	29	513
686	200	25	817
687	241	24	399
688	269	82	83
689	128	65	290
690	162	105	966
691	21	119	164
692	33	125	289
693	145	106	951
694	34	56	69
695	6	118	851
696	63	42	895
697	24	38	228
698	243	15	602
699	191	85	900
700	246	66	10
701	141	54	165
702	9	117	684
703	6	89	91
704	77	117	281
705	243	5	639
706	147	100	853
707	190	98	884
708	227	53	717
709	152	61	691
710	35	72	884
711	275	75	518
712	139	16	715
713	181	27	761
714	88	115	670
715	32	63	45
716	183	47	940
717	67	29	754
718	121	72	999
719	67	123	467
720	149	99	210
721	266	92	520
722	45	7	261
723	185	87	898
724	217	116	479
725	28	41	602
726	121	121	79
727	22	7	475
728	82	23	723
729	271	45	720
730	283	119	650
731	24	107	57
732	273	57	864
733	53	123	167
734	193	99	166
735	127	8	469
736	112	86	999
737	98	79	521
738	146	40	180
739	273	116	452
740	90	65	169
741	188	84	33
742	215	3	82
743	125	85	712
744	269	83	582
745	162	104	452
746	226	52	965
747	104	96	62
748	207	71	855
749	62	35	644
750	193	91	662
751	206	80	615
752	269	52	241
753	19	36	264
754	275	38	286
755	164	83	343
756	205	94	576
757	197	82	311
758	152	37	574
759	72	120	127
760	216	123	843
761	216	84	739
762	159	81	898
763	21	111	585
764	195	25	652
765	174	14	199
766	168	107	508
767	164	91	762
768	207	79	408
769	4	10	158
770	27	98	13
771	229	117	968
772	98	97	181
773	264	115	575
774	194	60	362
775	77	107	744
776	104	39	474
777	43	100	960
778	230	17	512
779	151	40	651
780	33	77	860
781	216	43	836
782	93	81	448
783	148	82	47
784	98	88	260
\.


--
-- Name: customer_id_seq; Type: SEQUENCE SET; Schema: public; Owner: postgres
--

SELECT pg_catalog.setval('public.customer_id_seq', 128, true);


--
-- Name: customer_order_id_seq; Type: SEQUENCE SET; Schema: public; Owner: postgres
--

SELECT pg_catalog.setval('public.customer_order_id_seq', 332, true);


--
-- Name: merchant_id_seq; Type: SEQUENCE SET; Schema: public; Owner: postgres
--

SELECT pg_catalog.setval('public.merchant_id_seq', 130, true);


--
-- Name: product_id_seq; Type: SEQUENCE SET; Schema: public; Owner: postgres
--

SELECT pg_catalog.setval('public.product_id_seq', 129, true);


--
-- Name: product_order_id_seq; Type: SEQUENCE SET; Schema: public; Owner: postgres
--

SELECT pg_catalog.setval('public.product_order_id_seq', 784, true);


--
-- Name: customer_order customer_order_pkey; Type: CONSTRAINT; Schema: public; Owner: postgres
--

ALTER TABLE ONLY public.customer_order
    ADD CONSTRAINT customer_order_pkey PRIMARY KEY (id);


--
-- Name: customer customer_pkey; Type: CONSTRAINT; Schema: public; Owner: postgres
--

ALTER TABLE ONLY public.customer
    ADD CONSTRAINT customer_pkey PRIMARY KEY (id);


--
-- Name: merchant merchant_pkey; Type: CONSTRAINT; Schema: public; Owner: postgres
--

ALTER TABLE ONLY public.merchant
    ADD CONSTRAINT merchant_pkey PRIMARY KEY (id);


--
-- Name: product_order product_order_order_id_product_id_key; Type: CONSTRAINT; Schema: public; Owner: postgres
--

ALTER TABLE ONLY public.product_order
    ADD CONSTRAINT product_order_order_id_product_id_key UNIQUE (order_id, product_id);


--
-- Name: product_order product_order_pkey; Type: CONSTRAINT; Schema: public; Owner: postgres
--

ALTER TABLE ONLY public.product_order
    ADD CONSTRAINT product_order_pkey PRIMARY KEY (id);


--
-- Name: product product_pkey; Type: CONSTRAINT; Schema: public; Owner: postgres
--

ALTER TABLE ONLY public.product
    ADD CONSTRAINT product_pkey PRIMARY KEY (id);


--
-- Name: customer_order customer_order_customer_id_fkey; Type: FK CONSTRAINT; Schema: public; Owner: postgres
--

ALTER TABLE ONLY public.customer_order
    ADD CONSTRAINT customer_order_customer_id_fkey FOREIGN KEY (customer_id) REFERENCES public.customer(id);


--
-- Name: product product_merchant_id_fkey; Type: FK CONSTRAINT; Schema: public; Owner: postgres
--

ALTER TABLE ONLY public.product
    ADD CONSTRAINT product_merchant_id_fkey FOREIGN KEY (merchant_id) REFERENCES public.merchant(id);


--
-- Name: product_order product_order_order_id_fkey; Type: FK CONSTRAINT; Schema: public; Owner: postgres
--

ALTER TABLE ONLY public.product_order
    ADD CONSTRAINT product_order_order_id_fkey FOREIGN KEY (order_id) REFERENCES public.customer_order(id) ON DELETE CASCADE;


--
-- Name: product_order product_order_product_id_fkey; Type: FK CONSTRAINT; Schema: public; Owner: postgres
--

ALTER TABLE ONLY public.product_order
    ADD CONSTRAINT product_order_product_id_fkey FOREIGN KEY (product_id) REFERENCES public.product(id);


--
-- PostgreSQL database dump complete
--

